reference_key,external_id,product_name,sku,official_type,presentation,price_cop,image_status,image_url,source_url,active_claims,type,subtype,concern,benefit,ingredient,use,role,stage,system,formulation,finish,relation
admiss-co-official:product:8392907325683,8392907325683,ADRIANO - ESMALTE TRADICIONAL ESCARCHADO ADMISS 10 ML - GAMA PLATEADO,314117,ESMALTES,10 ml,4200.0000,remote_reference,https://cdn.shopify.com/s/files/1/0614/7188/3507/files/Adriano.webp?v=1707339551,https://admiss.com.co/products/adriano-esmalte-tradicional-escarchado-admiss-10-ml-gama-plateado,16,Esmalte de uñas,Esmalte tradicional,,Aplicación fácil declarada | Alta cobertura declarada,,,Capa de color,Color,Sistema Admiss: Sistema tradicional de manicure | Sistema tradicional de manicure,Formulación 10 Free,Cremoso | Escarchado | Perlado,Colección comercial: ESMALTES DE UÑAS | Colección comercial: COLECCIÓN ANIMALIA | Colección comercial: TODO ADMISS | Colección comercial: TONOS ESCARCHADOS
admiss-co-official:product:7476693401843,7476693401843,ALEJO - ESMALTE TRADICIONAL CREMOSOS ADMISS 10 ML - GAMA LILA,310204,ESMALTES,10 ml,4200.0000,remote_reference,https://cdn.shopify.com/s/files/1/0614/7188/3507/files/Alejo.webp?v=1707339573,https://admiss.com.co/products/alejo-esmalte-para-unas-10ml,12,Esmalte de uñas,Esmalte tradicional,,Aplicación fácil declarada | Alta cobertura declarada,,,Capa de color,Color,Sistema Admiss: Sistema tradicional de manicure | Sistema tradicional de manicure,Formulación 10 Free,Cremoso,Colección comercial: ESMALTES DE UÑAS | Colección comercial: TODO ADMISS
admiss-co-official:product:7476695728371,7476695728371,ALEXANDER - ESMALTE TRADICIONAL CREMOSOS ADMISS 10 ML - GAMA VIOLETA,312483,ESMALTES,10 ml,4200.0000,remote_reference,https://cdn.shopify.com/s/files/1/0614/7188/3507/files/Alexander.webp?v=1707339606,https://admiss.com.co/products/alexander-esmalte-para-unas-10ml,12,Esmalte de uñas,Esmalte tradicional,,Aplicación fácil declarada | Alta cobertura declarada,,,Capa de color,Color,Sistema Admiss: Sistema tradicional de manicure | Sistema tradicional de manicure,Formulación 10 Free,Cremoso,Colección comercial: ESMALTES DE UÑAS | Colección comercial: TODO ADMISS
admiss-co-official:product:7476695204083,7476695204083,ALVARO - ESMALTE TRADICIONAL CREMOSOS ADMISS 10 ML - GAMA MARRON,312468,ESMALTES,10 ml,4200.0000,remote_reference,https://cdn.shopify.com/s/files/1/0614/7188/3507/files/Alvaro.webp?v=1707339640,https://admiss.com.co/products/alvaro-esmalte-para-unas-10ml,12,Esmalte de uñas,Esmalte tradicional,,Aplicación fácil declarada | Alta cobertura declarada,,,Capa de color,Color,Sistema Admiss: Sistema tradicional de manicure | Sistema tradicional de manicure,Formulación 10 Free,Cremoso,Colección comercial: ESMALTES DE UÑAS | Colección comercial: TODO ADMISS
admiss-co-official:product:7476695826675,7476695826675,AMADOR - ESMALTE TRADICIONAL CREMOSOS ADMISS 10 ML - GAMA ROSADO,312485,ESMALTES,10 ml,4200.0000,remote_reference,https://cdn.shopify.com/s/files/1/0614/7188/3507/files/Amador.webp?v=1717509852,https://admiss.com.co/products/amador-esmalte-para-unas-10ml,13,Esmalte de uñas,Esmalte tradicional,,Aplicación fácil declarada | Alta cobertura declarada,,,Capa de color,Color,Sistema Admiss: Sistema tradicional de manicure | Sistema tradicional de manicure,Formulación 10 Free,Cremoso | Traslúcido,Colección comercial: ESMALTES DE UÑAS | Colección comercial: TODO ADMISS
admiss-co-official:product:7476693500147,7476693500147,ANDY - ESMALTE TRADICIONAL CREMOSOS ADMISS 10 ML - GAMA ROJO,310207,ESMALTES,10 ml,4200.0000,remote_reference,https://cdn.shopify.com/s/files/1/0614/7188/3507/files/Andy.webp?v=1707339694,https://admiss.com.co/products/andy-esmalte-para-unas-10ml,12,Esmalte de uñas,Esmalte tradicional,,Aplicación fácil declarada | Alta cobertura declarada,,,Capa de color,Color,Sistema Admiss: Sistema tradicional de manicure | Sistema tradicional de manicure,Formulación 10 Free,Cremoso,Colección comercial: ESMALTES DE UÑAS | Colección comercial: TODO ADMISS
admiss-co-official:product:7558447988979,7558447988979,ÁNGEL - ESMALTE TRADICIONAL PERLADO ADMISS 10ML - GAMA BLANCO,313088,ESMALTES,10 ml,4200.0000,remote_reference,https://cdn.shopify.com/s/files/1/0614/7188/3507/files/Angel.webp?v=1707340357,https://admiss.com.co/products/angel-esmalte-tradicional-perlado-admiss-10ml-gama-blanco,13,Esmalte de uñas,Esmalte tradicional,,Aplicación fácil declarada | Alta cobertura declarada,,,Capa de color,Color,Sistema Admiss: Sistema tradicional de manicure | Sistema tradicional de manicure,Formulación 10 Free,Perlado,Colección comercial: ESMALTES DE UÑAS | Colección comercial: COLECCIÓN CELESTIAL | Colección comercial: TODO ADMISS
admiss-co-official:product:7476695138547,7476695138547,ARIEL - ESMALTE TRADICIONAL CREMOSOS ADMISS 10 ML - GAMA ROSADO,312430,ESMALTES,10 ml,4200.0000,remote_reference,https://cdn.shopify.com/s/files/1/0614/7188/3507/files/Ariel.webp?v=1707340380,https://admiss.com.co/products/ariel-esmalte-para-unas-10ml,12,Esmalte de uñas,Esmalte tradicional,,Aplicación fácil declarada | Alta cobertura declarada,,,Capa de color,Color,Sistema Admiss: Sistema tradicional de manicure | Sistema tradicional de manicure,Formulación 10 Free,Cremoso,Colección comercial: ESMALTES DE UÑAS | Colección comercial: TODO ADMISS
admiss-co-official:product:8071701168371,8071701168371,BASE FORTALECEDORA ADMISS VITAMIN PLUS 10 ML,313906,BASES,10 ml,5400.0000,remote_reference,https://cdn.shopify.com/s/files/1/0614/7188/3507/files/313906.webp?v=1755876233,https://admiss.com.co/products/base-fortalecedora-admiss-vitamin-plus-10-ml,12,Base para uñas,Base tradicional,Uñas débiles o maltratadas,Aplicación fácil declarada,,Cuidado de uñas débiles o maltratadas,Capa base,Base,Sistema Admiss: Sistema tradicional de manicure | Sistema tradicional de manicure,Formulación 10 Free,,Colección comercial: BASES PARA UÑAS | Colección comercial: TODO ADMISS
admiss-co-official:product:7476693041395,7476693041395,BASE TRADICIONAL FORTALECEDORA ADMISS AJO Y LIMON 10 ML,310010,BASES,10 ml,4200.0000,remote_reference,https://cdn.shopify.com/s/files/1/0614/7188/3507/products/base-ajo-limon-unas-admiss.png?v=1638976867,https://admiss.com.co/products/base-para-unas-ajo-y-limon-10ml,16,Base para uñas,Base tradicional,Uñas débiles o maltratadas,Aplicación fácil declarada | Fortalecimiento declarado,Extracto de ajo | Extracto de limón,Cuidado de uñas débiles o maltratadas,Capa base,Base,Sistema Admiss: Sistema tradicional de manicure | Sistema tradicional de manicure,Formulación 10 Free,,Colección comercial: Home page | Colección comercial: BASES PARA UÑAS | Colección comercial: TODO ADMISS
admiss-co-official:product:7476694253811,7476694253811,BASE TRADICIONAL FORTALECEDORA ADMISS CALCIO 10 ML,310266,BASES,10 ml,4200.0000,remote_reference,https://cdn.shopify.com/s/files/1/0614/7188/3507/products/base-fortalecedora-calcio-unas-admiss.png?v=1638976940,https://admiss.com.co/products/base-para-unas-fortalecedora-calcio-10ml,17,Base para uñas,Base tradicional,Uñas frágiles,Aplicación fácil declarada | Humectación declarada | Acción nutritiva declarada | Fortalecimiento declarado,Biotina | Urea,Cuidado de uñas frágiles,Capa base,Base,Sistema Admiss: Sistema tradicional de manicure | Sistema tradicional de manicure,Formulación 10 Free,,Colección comercial: BASES PARA UÑAS | Colección comercial: TODO ADMISS
admiss-co-official:product:7476694319347,7476694319347,BASE TRADICIONAL FORTALECEDORA ADMISS ROSADA 10 ML,310271,BASES,10 ml,4200.0000,remote_reference,https://cdn.shopify.com/s/files/1/0614/7188/3507/products/base-rosada-unas-admiss.png?v=1638976945,https://admiss.com.co/products/base-para-unas-rosada-10ml,13,Base para uñas,Base tradicional,Uñas frágiles,Aplicación fácil declarada | Fortalecimiento declarado,,Cuidado de uñas frágiles,Capa base,Base,Sistema Admiss: Sistema tradicional de manicure | Sistema tradicional de manicure,Formulación 10 Free,,Colección comercial: BASES PARA UÑAS | Colección comercial: TODO ADMISS
admiss-co-official:product:9183449678067,9183449678067,BASE TRADICIONAL JELLY COLOR GREEN ADMISS 10 ML,314293,BASES,10 ml,4200.0000,remote_reference,https://cdn.shopify.com/s/files/1/0614/7188/3507/files/314293.webp?v=1755876264,https://admiss.com.co/products/base-tradicional-jelly-color-green-admiss-rosada-10-ml,19,Base para uñas,Base tradicional | Esmalte tradicional,Uñas frágiles,Aplicación fácil declarada | Fortalecimiento declarado,,Cuidado de uñas frágiles,Capa base,Base,Sistema Admiss: Sistema tradicional de manicure | Sistema tradicional de manicure,Formulación 10 Free | Gel,Jelly,Colección ESMALTES DE UÑAS no coincide con tipo Base para uñas | Colección comercial: ESMALTES DE UÑAS | Colección comercial: BASES PARA UÑAS | Colección comercial: TODO ADMISS | Colección comercial: BASES JELLY ADMIS
admiss-co-official:product:9183451971827,9183451971827,BASE TRADICIONAL JELLY COLOR RED ADMISS 10 ML,314294,BASES,10 ml,4200.0000,remote_reference,https://cdn.shopify.com/s/files/1/0614/7188/3507/files/314294.webp?v=1755876282,https://admiss.com.co/products/base-tradicional-jelly-color-red-admiss-10-ml,19,Base para uñas,Base tradicional | Esmalte tradicional,Uñas frágiles,Aplicación fácil declarada | Fortalecimiento declarado,,Cuidado de uñas frágiles,Capa base,Base,Sistema Admiss: Sistema tradicional de manicure | Sistema tradicional de manicure,Formulación 10 Free | Gel,Jelly,Colección ESMALTES DE UÑAS no coincide con tipo Base para uñas | Colección comercial: ESMALTES DE UÑAS | Colección comercial: BASES PARA UÑAS | Colección comercial: TODO ADMISS | Colección comercial: BASES JELLY ADMIS
admiss-co-official:product:8874785833203,8874785833203,BEN - ESMALTE TRADICIONAL CREMOSOS ADMISS 10 ML - GAMA,314096,ESMALTES,10 ml,4200.0000,remote_reference,https://cdn.shopify.com/s/files/1/0614/7188/3507/files/Ben_2.webp?v=1723591723,https://admiss.com.co/products/ben-esmalte-tradicional-cremosos-admiss-10-ml-gama,13,Esmalte de uñas,Esmalte tradicional,,Aplicación fácil declarada | Alta cobertura declarada,,,Capa de color,Color,Sistema Admiss: Sistema tradicional de manicure | Sistema tradicional de manicure,Formulación 10 Free,Cremoso,Colección comercial: ESMALTES DE UÑAS | Colección comercial: TODO ADMISS | Colección comercial: COLECCIÓN GUAPOS
admiss-co-official:product:7476695695603,7476695695603,BENJAMIN - ESMALTE TRADICIONAL CREMOSOS ADMISS 10 ML - GAMA MARRON,312482,ESMALTES,10 ml,4200.0000,remote_reference,https://cdn.shopify.com/s/files/1/0614/7188/3507/files/Benjamin.webp?v=1717509906,https://admiss.com.co/products/benjamin-esmalte-para-unas-10ml,12,Esmalte de uñas,Esmalte tradicional,,Aplicación fácil declarada | Alta cobertura declarada,,,Capa de color,Color,Sistema Admiss: Sistema tradicional de manicure | Sistema tradicional de manicure,Formulación 10 Free,Cremoso,Colección comercial: ESMALTES DE UÑAS | Colección comercial: TODO ADMISS
admiss-co-official:product:7476693238003,7476693238003,BRASILERO - ESMALTE TRADICIONAL TRASLUCIDOS ADMISS 10 ML - GAMA BLANCO,310197,ESMALTES,10 ml,4200.0000,remote_reference,https://cdn.shopify.com/s/files/1/0614/7188/3507/files/Brasilero.webp?v=1707341105,https://admiss.com.co/products/brasilero-esmalte-para-unas-10ml,13,Esmalte de uñas,Esmalte tradicional,,Aplicación fácil declarada | Alta cobertura declarada,,,Capa de color,Color,Sistema Admiss: Sistema tradicional de manicure | Sistema tradicional de manicure,Formulación 10 Free,Cremoso | Traslúcido,Colección comercial: ESMALTES DE UÑAS | Colección comercial: TODO ADMISS
admiss-co-official:product:7991845126387,7991845126387,BRILLO EFECTO GEL ADMISS 10 ML,313817,BRILLOS,10 ml,5550.0000,remote_reference,https://cdn.shopify.com/s/files/1/0614/7188/3507/products/313817.webp?v=1678982152,https://admiss.com.co/products/brillo-efecto-gel-admiss-10-ml,15,Brillo / capa final,Brillo tradicional,,Duración declarada | Protección declarada | Brillo declarado,,Proteger manicure o color,Capa final / top coat,Finalización,Sistema Admiss: Sistema tradicional de manicure | Sistema tradicional de manicure,Formulación 10 Free,Brillante | Sin partículas,Colección comercial: BRILLOS PARA UÑAS | Colección comercial: TODO ADMISS
admiss-co-official:product:7595870781683,7595870781683,BRILLO TRADICIONAL ADMISS TORNASOL 10ML,310268,BRILLOS,10 ml,4200.0000,remote_reference,https://cdn.shopify.com/s/files/1/0614/7188/3507/files/BrilloTornasol.webp?v=1707427695,https://admiss.com.co/products/admiss-brillo-tornasol-10ml,11,Brillo / capa final,Brillo tradicional,,Aplicación fácil declarada,,,Capa final / top coat,Finalización,Sistema Admiss: Sistema tradicional de manicure | Sistema tradicional de manicure,Formulación 10 Free,Con partículas,Colección comercial: BRILLOS PARA UÑAS | Colección comercial: TODO ADMISS
admiss-co-official:product:7476697596147,7476697596147,BRILLO TRADICIONAL CON PARTICULAS ADMISS ÁMBAR 10 ML,312950,BRILLOS,10 ml,4200.0000,remote_reference,https://cdn.shopify.com/s/files/1/0614/7188/3507/files/BrilloAmbar.webp?v=1707427486,https://admiss.com.co/products/brillo-para-unas-ambar-10ml,14,Brillo / capa final,Brillo tradicional,,Aplicación fácil declarada | Alta cobertura declarada,,,Capa final / top coat,Finalización,Sistema Admiss: Sistema tradicional de manicure | Sistema tradicional de manicure,Formulación 10 Free,Con partículas,Colección comercial: BRILLOS PARA UÑAS | Colección comercial: COLECCIÓN DEMENTE | Colección comercial: MAS VENDIDOS | Colección comercial: TODO ADMISS
admiss-co-official:product:7476694515955,7476694515955,BRILLO TRADICIONAL CON PARTICULAS ADMISS DECORACION COSMICO 10 ML,310551,BRILLOS,10 ml,4200.0000,remote_reference,https://cdn.shopify.com/s/files/1/0614/7188/3507/files/BrilloCosmico.webp?v=1707427531,https://admiss.com.co/products/brillo-para-unas-cosmico-10ml,14,Brillo / capa final,Esmalte de decoración | Brillo tradicional,,Aplicación fácil declarada | Alta cobertura declarada,,Decoración de uñas,Capa final / top coat,Finalización,Sistema Admiss: Sistema tradicional de manicure | Sistema tradicional de manicure,Formulación 10 Free,Con partículas,Colección comercial: BRILLOS PARA UÑAS | Colección comercial: TODO ADMISS
admiss-co-official:product:7476694286579,7476694286579,BRILLO TRADICIONAL CON PARTICULAS ADMISS DECORACION FIESTA 10 ML,310267,BRILLOS,10 ml,4200.0000,remote_reference,https://cdn.shopify.com/s/files/1/0614/7188/3507/files/BrilloFiesta.webp?v=1707427558,https://admiss.com.co/products/brillo-para-unas-fiesta-10ml,14,Brillo / capa final,Esmalte de decoración | Brillo tradicional,,Aplicación fácil declarada | Alta cobertura declarada,,Decoración de uñas,Capa final / top coat,Finalización,Sistema Admiss: Sistema tradicional de manicure | Sistema tradicional de manicure,Formulación 10 Free,Con partículas,Colección comercial: BRILLOS PARA UÑAS | Colección comercial: TODO ADMISS
admiss-co-official:product:7476697235699,7476697235699,BRILLO TRADICIONAL CON PARTICULAS ADMISS PERLA 10 ML,312925,BRILLOS,10 ml,4200.0000,remote_reference,https://cdn.shopify.com/s/files/1/0614/7188/3507/files/BrilloPerla.webp?v=1707427624,https://admiss.com.co/products/esmalte-para-unas-brillo-perla-10ml,12,Brillo / capa final,Brillo tradicional,,Aplicación fácil declarada,,,Capa final / top coat,Finalización,Sistema Admiss: Sistema tradicional de manicure | Sistema tradicional de manicure,Formulación 10 Free,Con partículas,Colección comercial: BRILLOS PARA UÑAS | Colección comercial: COLECCIÓN DEMENTE | Colección comercial: TODO ADMISS
admiss-co-official:product:7476697661683,7476697661683,BRILLO TRADICIONAL CON PARTICULAS ADMISS PLATINO 10 ML,312952,BRILLOS,10 ml,4200.0000,remote_reference,https://cdn.shopify.com/s/files/1/0614/7188/3507/files/BrilloPlatino.webp?v=1707427647,https://admiss.com.co/products/brillo-para-unas-platino-10ml,15,Brillo / capa final,Brillo tradicional,,Aplicación fácil declarada | Alta cobertura declarada,,,Capa final / top coat,Finalización,Sistema Admiss: Sistema tradicional de manicure | Sistema tradicional de manicure,Formulación 5 Free,Con partículas | Sin partículas,Colección comercial: BRILLOS PARA UÑAS | Colección comercial: COLECCIÓN DEMENTE | Colección comercial: #TONOSDULCEAMOR | Colección comercial: TODO ADMISS
admiss-co-official:product:7476696121587,7476696121587,BRILLO TRADICIONAL CON PARTICULAS ADMISS SUPER STAR 10 ML,312494,BRILLOS,10 ml,4200.0000,remote_reference,https://cdn.shopify.com/s/files/1/0614/7188/3507/files/BrilloSuperStar.webp?v=1707427674,https://admiss.com.co/products/brillo-para-unas-super-star-10ml,12,Brillo / capa final,Brillo tradicional,,Aplicación fácil declarada | Alta cobertura declarada,,,Capa final / top coat,Finalización,Sistema Admiss: Sistema tradicional de manicure | Sistema tradicional de manicure,Formulación 10 Free,Con partículas,Colección comercial: BRILLOS PARA UÑAS | Colección comercial: TODO ADMISS
admiss-co-official:product:7476693172467,7476693172467,BRILLO TRADICIONAL SIN PARTICULAS ADMISS 10 ML,310021,BRILLOS,10 ml,4200.0000,remote_reference,https://cdn.shopify.com/s/files/1/0614/7188/3507/products/brillo-unas-admiss.png?v=1638976875,https://admiss.com.co/products/brillo-para-unas-10ml,16,Brillo / capa final,Brillo tradicional,,Aplicación fácil declarada | Duración declarada | Protección declarada | Brillo declarado,,Proteger manicure o color,Capa final / top coat,Finalización,Sistema Admiss: Sistema tradicional de manicure | Sistema tradicional de manicure,Formulación 5 Free,Brillante | Sin partículas,Colección comercial: BRILLOS PARA UÑAS | Colección comercial: TODO ADMISS
admiss-co-official:product:7476694778099,7476694778099,BRILLO TRADICIONAL SIN PARTICULAS ADMISS HIELO 10 ML,311155,BRILLOS,10 ml,5550.0000,remote_reference,https://cdn.shopify.com/s/files/1/0614/7188/3507/products/brillo-hielo-unas-admiss.png?v=1638976975,https://admiss.com.co/products/brillo-para-unas-hielo-10ml,16,Brillo / capa final,Brillo tradicional,,Aplicación fácil declarada | Duración declarada | Protección declarada | Brillo declarado,,Proteger manicure o color,Capa final / top coat,Finalización,Sistema Admiss: Sistema tradicional de manicure | Sistema tradicional de manicure,Formulación 10 Free,Brillante | Sin partículas,Colección comercial: BRILLOS PARA UÑAS | Colección comercial: TODO ADMISS
admiss-co-official:product:7476695269619,7476695269619,BRILLO TRADICIONAL SIN PARTICULAS ADMISS MATIFICADOR 10 ML,312469,BRILLOS,10 ml,4200.0000,remote_reference,https://cdn.shopify.com/s/files/1/0614/7188/3507/products/matificador-unas-admiss.png?v=1638977000,https://admiss.com.co/products/matificador-para-unas-10ml,11,Brillo / capa final,Brillo tradicional,,Aplicación fácil declarada,,,Capa final / top coat,Finalización,Sistema Admiss: Sistema tradicional de manicure | Sistema tradicional de manicure,Formulación 10 Free,Sin partículas,Colección comercial: BRILLOS PARA UÑAS | Colección comercial: TODO ADMISS
admiss-co-official:product:7476693139699,7476693139699,BRILLO TRADICIONAL SIN PARTICULAS ADMISS SECANTE 10 ML,310018,BRILLOS,10 ml,4200.0000,remote_reference,https://cdn.shopify.com/s/files/1/0614/7188/3507/products/brillo-secante-unas-admiss.png?v=1638976873,https://admiss.com.co/products/brillo-secante-para-unas-10ml,15,Brillo / capa final,Brillo tradicional,,Aplicación fácil declarada | Secado rápido declarado | Protección declarada,,Proteger manicure o color,Capa final / top coat,Finalización,Sistema Admiss: Sistema tradicional de manicure | Sistema tradicional de manicure,Formulación 10 Free,Brillante | Sin partículas,Colección comercial: BRILLOS PARA UÑAS | Colección comercial: TODO ADMISS
admiss-co-official:product:7476695793907,7476695793907,CESAR - ESMALTE TRADICIONAL CREMOSOS ADMISS 10 ML - GAMA ROSADO,312484,ESMALTES,10 ml,4200.0000,remote_reference,https://cdn.shopify.com/s/files/1/0614/7188/3507/files/Cesar.webp?v=1707341181,https://admiss.com.co/products/cesar-esmalte-para-unas-10ml,12,Esmalte de uñas,Esmalte tradicional,,Aplicación fácil declarada | Alta cobertura declarada,,,Capa de color,Color,Sistema Admiss: Sistema tradicional de manicure | Sistema tradicional de manicure,Formulación 10 Free,Cremoso,Colección comercial: ESMALTES DE UÑAS | Colección comercial: TODO ADMISS
admiss-co-official:product:9213033840883,9213033840883,CHANDLER - ESMALTE TRADICIONAL PERLADO ADMISS 10 ML - GAMA DORADO,314261,ESMALTES,10 ml,4200.0000,remote_reference,https://cdn.shopify.com/s/files/1/0614/7188/3507/files/chandler.webp?v=1756844749,https://admiss.com.co/products/chandler-esmalte-tradicional-cremoso-admiss-10-ml-gama-copia,15,Esmalte de uñas,Esmalte tradicional,,Aplicación fácil declarada | Alta cobertura declarada,,,Capa de color,Color,Sistema Admiss: Sistema tradicional de manicure | Sistema tradicional de manicure,Formulación 10 Free,Cremoso | Perlado,Colección comercial: ESMALTES DE UÑAS | Colección comercial: TODO ADMISS | Colección comercial: COLECCIÓN EUFORIA | Colección comercial: COLECCIÓN AVENTURA
admiss-co-official:product:8054228812019,8054228812019,CHARLIE - ESMALTE TRADICIONAL CREMOSOS ADMISS 10 ML - GAMA MORADO,313778,ESMALTES,10 ml,4200.0000,remote_reference,https://cdn.shopify.com/s/files/1/0614/7188/3507/files/313778.png?v=1689603993,https://admiss.com.co/products/charlie-esmalte-tradicional-cremosos-admiss-10-ml-gama-morado,13,Esmalte de uñas,Esmalte tradicional,,Aplicación fácil declarada | Alta cobertura declarada,,,Capa de color,Color,Sistema Admiss: Sistema tradicional de manicure | Sistema tradicional de manicure,Formulación 10 Free,Cremoso,Colección comercial: ESMALTES DE UÑAS | Colección comercial: TODO ADMISS | Colección comercial: COLECCIÓN UTOPÍA VIRTUAL
admiss-co-official:product:8874779640051,8874779640051,CHRIS - ESMALTE TRADICIONAL CREMOSOS ADMISS 10 ML - GAMA,314091,ESMALTES,10 ml,4200.0000,remote_reference,https://cdn.shopify.com/s/files/1/0614/7188/3507/files/Chris_4.webp?v=1723591787,https://admiss.com.co/products/chris-esmalte-tradicional-cremosos-admiss-10-ml-gama,13,Esmalte de uñas,Esmalte tradicional,,Aplicación fácil declarada | Alta cobertura declarada,,,Capa de color,Color,Sistema Admiss: Sistema tradicional de manicure | Sistema tradicional de manicure,Formulación 10 Free,Cremoso,Colección comercial: ESMALTES DE UÑAS | Colección comercial: TODO ADMISS | Colección comercial: COLECCIÓN GUAPOS
admiss-co-official:product:9213036396787,9213036396787,CHUCK - ESMALTE TRADICIONAL CREMOSO ADMISS 10 ML - GAMA ROSADO,314262,ESMALTES,10 ml,4200.0000,remote_reference,https://cdn.shopify.com/s/files/1/0614/7188/3507/files/chuck.webp?v=1756844726,https://admiss.com.co/products/chuck-esmalte-tradicional-cremoso-admiss-10-ml-gama,14,Esmalte de uñas,Esmalte tradicional,,Aplicación fácil declarada | Alta cobertura declarada,,,Capa de color,Color,Sistema Admiss: Sistema tradicional de manicure | Sistema tradicional de manicure,Formulación 10 Free,Cremoso,Colección comercial: ESMALTES DE UÑAS | Colección comercial: TODO ADMISS | Colección comercial: COLECCIÓN EUFORIA | Colección comercial: COLECCIÓN AVENTURA
admiss-co-official:product:7476693205235,7476693205235,COLOMBIANO - ESMALTE TRADICIONAL TRASLUCIDOS ADMISS 10 ML - GAMA ROSADO,310196,ESMALTES,10 ml,4200.0000,remote_reference,https://cdn.shopify.com/s/files/1/0614/7188/3507/files/Colombiano.webp?v=1707341316,https://admiss.com.co/products/colombiano-esmalte-para-unas-10ml,13,Esmalte de uñas,Esmalte tradicional,,Aplicación fácil declarada | Alta cobertura declarada,,,Capa de color,Color,Sistema Admiss: Sistema tradicional de manicure | Sistema tradicional de manicure,Formulación 10 Free,Cremoso | Traslúcido,Colección comercial: ESMALTES DE UÑAS | Colección comercial: TODO ADMISS
admiss-co-official:product:7558455034099,7558455034099,CRISTIAN - ESMALTE TRADICIONAL PERLADO ADMISS 10ML - GAMA MARRÓN,313092,ESMALTES,10 ml,4200.0000,remote_reference,https://cdn.shopify.com/s/files/1/0614/7188/3507/files/Cristian.webp?v=1707341335,https://admiss.com.co/products/cristian-esmalte-tradicional-perlado-admiss-10ml-gama-marron,13,Esmalte de uñas,Esmalte tradicional,,Aplicación fácil declarada | Alta cobertura declarada,,,Capa de color,Color,Sistema Admiss: Sistema tradicional de manicure | Sistema tradicional de manicure,Formulación 10 Free,Perlado,Colección comercial: ESMALTES DE UÑAS | Colección comercial: COLECCIÓN CELESTIAL | Colección comercial: TODO ADMISS
admiss-co-official:product:7991841194227,7991841194227,CRISTOPHER - ESMALTE TRADICIONAL ADMISS 10ML - GAMA AZUL,313774,ESMALTES,10 ml,4200.0000,remote_reference,https://cdn.shopify.com/s/files/1/0614/7188/3507/products/313774.webp?v=1678981350,https://admiss.com.co/products/cristopher-esmalte-tradicional-admiss-10ml-gama-azul,14,Esmalte de uñas,Esmalte tradicional,,Aplicación fácil declarada | Alta cobertura declarada,,,Capa de color,Color,Sistema Admiss: Sistema tradicional de manicure | Sistema tradicional de manicure,Formulación 10 Free,Cremoso,Colección comercial: ESMALTES DE UÑAS | Colección comercial: COLECCIÓN RADIANTE | Colección comercial: TODO ADMISS | Colección comercial: COLECCIÓN ECLIPSE DE COLOR
admiss-co-official:product:7558449365235,7558449365235,DANIEL - ESMALTE TRADICIONAL PERLADO ADMISS 10ML - GAMA ROSADO,313090,ESMALTES,10 ml,4200.0000,remote_reference,https://cdn.shopify.com/s/files/1/0614/7188/3507/files/Daniel.webp?v=1707341366,https://admiss.com.co/products/daniel-esmalte-tradicional-perlado-admiss-10ml-gama-rosado,13,Esmalte de uñas,Esmalte tradicional,,Aplicación fácil declarada | Alta cobertura declarada,,,Capa de color,Color,Sistema Admiss: Sistema tradicional de manicure | Sistema tradicional de manicure,Formulación 10 Free,Perlado,Colección comercial: ESMALTES DE UÑAS | Colección comercial: COLECCIÓN CELESTIAL | Colección comercial: TODO ADMISS
admiss-co-official:product:8054231171315,8054231171315,DANTE - ESMALTE TRADICIONAL CREMOSOS ADMISS 10 ML - GAMA AMARILLO,313780,ESMALTES,10 ml,4200.0000,remote_reference,https://cdn.shopify.com/s/files/1/0614/7188/3507/files/313780.png?v=1689604693,https://admiss.com.co/products/dante-esmalte-tradicional-cremosos-admiss-10-ml-gama-amarillo,13,Esmalte de uñas,Esmalte tradicional,,Aplicación fácil declarada | Alta cobertura declarada,,,Capa de color,Color,Sistema Admiss: Sistema tradicional de manicure | Sistema tradicional de manicure,Formulación 10 Free,Cremoso,Colección comercial: ESMALTES DE UÑAS | Colección comercial: TODO ADMISS | Colección comercial: COLECCIÓN UTOPÍA VIRTUAL
admiss-co-official:product:7476693565683,7476693565683,DAVID - ESMALTE TRADICIONAL CREMOSOS ADMISS 10 ML - GAMA ROSADO,310213,ESMALTES,10 ml,4200.0000,remote_reference,https://cdn.shopify.com/s/files/1/0614/7188/3507/files/David.webp?v=1707341397,https://admiss.com.co/products/david-esmalte-para-unas-10ml,12,Esmalte de uñas,Esmalte tradicional,,Aplicación fácil declarada | Alta cobertura declarada,,,Capa de color,Color,Sistema Admiss: Sistema tradicional de manicure | Sistema tradicional de manicure,Formulación 10 Free,Cremoso,Colección comercial: ESMALTES DE UÑAS | Colección comercial: TODO ADMISS
admiss-co-official:product:7476697301235,7476697301235,DIEGO - ESMALTE TRADICIONAL CREMOSOS ADMISS 10 ML - GAMA MARRÓN,312927,ESMALTES,10 ml,4200.0000,remote_reference,https://cdn.shopify.com/s/files/1/0614/7188/3507/files/Diego.webp?v=1707341415,https://admiss.com.co/products/diego-esmalte-para-unas-10ml,13,Esmalte de uñas,Esmalte tradicional,,Aplicación fácil declarada | Alta cobertura declarada,,,Capa de color,Color,Sistema Admiss: Sistema tradicional de manicure | Sistema tradicional de manicure,Formulación 10 Free,Cremoso,Colección comercial: ESMALTES DE UÑAS | Colección comercial: COLECCIÓN STAR | Colección comercial: TODO ADMISS
admiss-co-official:product:8434853478643,8434853478643,DUVAN - ESMALTE TRADICIONAL ADMISS 10ML - GAMA LILA,314080,ESMALTES,10 ml,4200.0000,remote_reference,https://cdn.shopify.com/s/files/1/0614/7188/3507/files/Duvan_314080.webp?v=1709588394,https://admiss.com.co/products/duvan-esmalte-tradicional-admiss-10ml-gama-lila,12,Esmalte de uñas,Esmalte tradicional,,Aplicación fácil declarada | Alta cobertura declarada,,,Capa de color,Color,Sistema Admiss: Sistema tradicional de manicure | Sistema tradicional de manicure,Formulación 10 Free,,Colección comercial: ESMALTES DE UÑAS | Colección comercial: TODO ADMISS | Colección comercial: COLECCIÓN INFIELES
admiss-co-official:product:7476694974707,7476694974707,EDUARDO - ESMALTE TRADICIONAL CREMOSOS ADMISS 10 ML - GAMA FUCSIA,311421,ESMALTES,10 ml,4200.0000,remote_reference,https://cdn.shopify.com/s/files/1/0614/7188/3507/files/Eduardo.webp?v=1707341489,https://admiss.com.co/products/eduardo-esmalte-para-unas-10ml,12,Esmalte de uñas,Esmalte tradicional,,Aplicación fácil declarada | Alta cobertura declarada,,,Capa de color,Color,Sistema Admiss: Sistema tradicional de manicure | Sistema tradicional de manicure,Formulación 10 Free,Cremoso,Colección comercial: ESMALTES DE UÑAS | Colección comercial: TODO ADMISS
admiss-co-official:product:9213020504307,9213020504307,EDWARD - ESMALTE TRADICIONAL PERLADO ADMISS 10 ML - GAMA BLANCO,314260,ESMALTES,10 ml,4200.0000,remote_reference,https://cdn.shopify.com/s/files/1/0614/7188/3507/files/edward.webp?v=1756844770,https://admiss.com.co/products/edward-esmalte-tradicional-cremoso-admiss-10-ml-gama-verde-copia,15,Esmalte de uñas,Esmalte tradicional,,Aplicación fácil declarada | Alta cobertura declarada,,,Capa de color,Color,Sistema Admiss: Sistema tradicional de manicure | Sistema tradicional de manicure,Formulación 10 Free,Cremoso | Perlado,Colección comercial: ESMALTES DE UÑAS | Colección comercial: TODO ADMISS | Colección comercial: COLECCIÓN EUFORIA | Colección comercial: COLECCIÓN AVENTURA
admiss-co-official:product:7476695990515,7476695990515,EMILIANO - ESMALTE TRADICIONAL CREMOSOS ADMISS 10 ML - GAMA ANARANJADO,312492,ESMALTES,10 ml,4200.0000,remote_reference,https://cdn.shopify.com/s/files/1/0614/7188/3507/files/Emiliano.webp?v=1707341511,https://admiss.com.co/products/emiliano-esmalte-para-unas-10ml,12,Esmalte de uñas,Esmalte tradicional,,Aplicación fácil declarada | Alta cobertura declarada,,,Capa de color,Color,Sistema Admiss: Sistema tradicional de manicure | Sistema tradicional de manicure,Formulación 10 Free,Cremoso,Colección comercial: ESMALTES DE UÑAS | Colección comercial: TODO ADMISS
admiss-co-official:product:7476694188275,7476694188275,EMILIO - ESMALTE TRADICIONAL CREMOSOS ADMISS 10 ML - GAMA FUCSIA,310245,ESMALTES,10 ml,4200.0000,remote_reference,https://cdn.shopify.com/s/files/1/0614/7188/3507/files/Emilio.webp?v=1707341532,https://admiss.com.co/products/emilio-esmalte-para-unas-10ml,12,Esmalte de uñas,Esmalte tradicional,,Aplicación fácil declarada | Alta cobertura declarada,,,Capa de color,Color,Sistema Admiss: Sistema tradicional de manicure | Sistema tradicional de manicure,Formulación 10 Free,Cremoso,Colección comercial: ESMALTES DE UÑAS | Colección comercial: TODO ADMISS
admiss-co-official:product:8392900313331,8392900313331,ERIK - ESMALTE TRADICIONAL ESCARCHADO ADMISS 10 ML - GAMA AMARILLO,314116,ESMALTES,10 ml,4200.0000,remote_reference,https://cdn.shopify.com/s/files/1/0614/7188/3507/files/ERICK.webp?v=1707256026,https://admiss.com.co/products/erik-esmalte-tradicional-escarchado-admiss-10-ml-gama-marron,16,Esmalte de uñas,Esmalte tradicional,,Aplicación fácil declarada | Alta cobertura declarada,,,Capa de color,Color,Sistema Admiss: Sistema tradicional de manicure | Sistema tradicional de manicure,Formulación 10 Free,Cremoso | Escarchado | Perlado,Colección comercial: ESMALTES DE UÑAS | Colección comercial: COLECCIÓN ANIMALIA | Colección comercial: TODO ADMISS | Colección comercial: TONOS ESCARCHADOS
admiss-co-official:product:8434856231155,8434856231155,ESTEBAN - ESMALTE TRADICIONAL ADMISS 10ML - GAMA VERDE,314084,ESMALTES,10 ml,4200.0000,remote_reference,https://cdn.shopify.com/s/files/1/0614/7188/3507/files/Esteban_314084.webp?v=1709588851,https://admiss.com.co/products/esteban-esmalte-tradicional-admiss-10ml-gama-verde,12,Esmalte de uñas,Esmalte tradicional,,Aplicación fácil declarada | Alta cobertura declarada,,,Capa de color,Color,Sistema Admiss: Sistema tradicional de manicure | Sistema tradicional de manicure,Formulación 10 Free,,Colección comercial: ESMALTES DE UÑAS | Colección comercial: TODO ADMISS | Colección comercial: COLECCIÓN INFIELES
admiss-co-official:product:7476693303539,7476693303539,EUROPEO - ESMALTE TRADICIONAL CREMOSOS ADMISS 10 ML - GAMA GRIS,310198,ESMALTES,10 ml,4200.0000,remote_reference,https://cdn.shopify.com/s/files/1/0614/7188/3507/files/Europeo.webp?v=1707341577,https://admiss.com.co/products/europeo-esmalte-para-unas-10ml,12,Esmalte de uñas,Esmalte tradicional,,Aplicación fácil declarada | Alta cobertura declarada,,,Capa de color,Color,Sistema Admiss: Sistema tradicional de manicure | Sistema tradicional de manicure,Formulación 10 Free,Cremoso,Colección comercial: ESMALTES DE UÑAS | Colección comercial: TODO ADMISS
admiss-co-official:product:7476696940787,7476696940787,FABIAN - ESMALTE TRADICIONAL PERLADOS ADMISS 10 ML - GAMA ROSADO,312723,ESMALTES,10 ml,4200.0000,remote_reference,https://cdn.shopify.com/s/files/1/0614/7188/3507/files/Fabian.webp?v=1708027973,https://admiss.com.co/products/fabian-esmalte-para-unas-10ml,13,Esmalte de uñas,Esmalte tradicional,,Aplicación fácil declarada | Alta cobertura declarada,,,Capa de color,Color,Sistema Admiss: Sistema tradicional de manicure | Sistema tradicional de manicure,Formulación 10 Free,Perlado,Colección comercial: ESMALTES DE UÑAS | Colección comercial: COLECCIÓN COSMOS | Colección comercial: TODO ADMISS
admiss-co-official:product:7476695924979,7476695924979,FEDE - ESMALTE TRADICIONAL CREMOSOS ADMISS 10 ML - GAMA MORADO,312489,ESMALTES,10 ml,4200.0000,remote_reference,https://cdn.shopify.com/s/files/1/0614/7188/3507/files/Fede.webp?v=1707341636,https://admiss.com.co/products/fede-esmalte-para-unas-10ml,12,Esmalte de uñas,Esmalte tradicional,,Aplicación fácil declarada | Alta cobertura declarada,,,Capa de color,Color,Sistema Admiss: Sistema tradicional de manicure | Sistema tradicional de manicure,Formulación 10 Free,Cremoso,Colección comercial: ESMALTES DE UÑAS | Colección comercial: TODO ADMISS
admiss-co-official:product:7476697202931,7476697202931,FEDERICO - ESMALTE TRADICIONAL ADMISS 10ML - GAMA VIOLETA,312924,ESMALTES,10 ml,4200.0000,remote_reference,https://cdn.shopify.com/s/files/1/0614/7188/3507/files/Federico.webp?v=1707341655,https://admiss.com.co/products/federico-esmalte-para-unas-10ml,14,Esmalte de uñas,Esmalte tradicional,,Aplicación fácil declarada | Alta cobertura declarada,,,Capa de color,Color,Sistema Admiss: Sistema tradicional de manicure | Sistema tradicional de manicure,Formulación 10 Free,Cremoso,Colección comercial: ESMALTES DE UÑAS | Colección comercial: COLECCIÓN DEMENTE | Colección comercial: MAS VENDIDOS | Colección comercial: TODO ADMISS
admiss-co-official:product:7476694941939,7476694941939,FELIPE - ESMALTE TRADICIONAL CREMOSOS ADMISS 10 ML - GAMA ANARANJADO,311392,ESMALTES,10 ml,4200.0000,remote_reference,https://cdn.shopify.com/s/files/1/0614/7188/3507/files/Felipe.webp?v=1707341677,https://admiss.com.co/products/felipe-esmalte-para-unas-10ml,12,Esmalte de uñas,Esmalte tradicional,,Aplicación fácil declarada | Alta cobertura declarada,,,Capa de color,Color,Sistema Admiss: Sistema tradicional de manicure | Sistema tradicional de manicure,Formulación 10 Free,Cremoso,Colección comercial: ESMALTES DE UÑAS | Colección comercial: TODO ADMISS
admiss-co-official:product:7476693369075,7476693369075,FERCHO - ESMALTE TRADICIONAL CREMOSOS ADMISS 10 ML - GAMA ROJO,310203,ESMALTES,10 ml,4200.0000,remote_reference,https://cdn.shopify.com/s/files/1/0614/7188/3507/files/Fercho.webp?v=1707341700,https://admiss.com.co/products/fercho-esmalte-para-unas-10ml,13,Esmalte de uñas,Esmalte tradicional,,Aplicación fácil declarada | Alta cobertura declarada,,,Capa de color,Color,Sistema Admiss: Sistema tradicional de manicure | Sistema tradicional de manicure,Formulación 10 Free,Cremoso | Metalizado,Colección comercial: ESMALTES DE UÑAS | Colección comercial: TODO ADMISS
admiss-co-official:product:7476693336307,7476693336307,FRANCES - ESMALTE TRADICIONAL CREMOSOS ADMISS 10 ML - GAMA ROSADO,310199,ESMALTES,10 ml,4200.0000,remote_reference,https://cdn.shopify.com/s/files/1/0614/7188/3507/files/Frances.webp?v=1707341720,https://admiss.com.co/products/frances-esmalte-para-unas-10ml,12,Esmalte de uñas,Esmalte tradicional,,Aplicación fácil declarada | Alta cobertura declarada,,,Capa de color,Color,Sistema Admiss: Sistema tradicional de manicure | Sistema tradicional de manicure,Formulación 10 Free,Cremoso,Colección comercial: ESMALTES DE UÑAS | Colección comercial: TODO ADMISS
admiss-co-official:product:7476695662835,7476695662835,FRANCISCO - ESMALTE TRADICIONAL CREMOSOS ADMISS 10 ML - GAMA ROJO,312480,ESMALTES,10 ml,4200.0000,remote_reference,https://cdn.shopify.com/s/files/1/0614/7188/3507/files/Francisco.webp?v=1717512710,https://admiss.com.co/products/francisco-esmalte-para-unas-10ml,12,Esmalte de uñas,Esmalte tradicional,,Aplicación fácil declarada | Alta cobertura declarada,,,Capa de color,Color,Sistema Admiss: Sistema tradicional de manicure | Sistema tradicional de manicure,Formulación 10 Free,Cremoso,Colección comercial: ESMALTES DE UÑAS | Colección comercial: TODO ADMISS
admiss-co-official:product:7476694909171,7476694909171,GABRIEL - ESMALTE TRADICIONAL CREMOSOS ADMISS 10 ML - GAMA VERDE,311285,ESMALTES,10 ml,4200.0000,remote_reference,https://cdn.shopify.com/s/files/1/0614/7188/3507/files/Gabriel.webp?v=1708027999,https://admiss.com.co/products/gabriel-esmalte-para-unas-10ml,13,Esmalte de uñas,Esmalte tradicional,,Aplicación fácil declarada | Alta cobertura declarada,,,Capa de color,Color,Sistema Admiss: Sistema tradicional de manicure | Sistema tradicional de manicure,Formulación 10 Free,Cremoso | Perlado,Colección comercial: ESMALTES DE UÑAS | Colección comercial: TODO ADMISS
admiss-co-official:product:7476697465075,7476697465075,GASTON - ESMALTE TRADICIONAL CREMOSOS ADMISS 10 ML - GAMA ROSADO,312947,ESMALTES,10 ml,4200.0000,remote_reference,https://cdn.shopify.com/s/files/1/0614/7188/3507/files/Gaston.webp?v=1707341802,https://admiss.com.co/products/gaston-esmalte-para-unas-10ml,13,Esmalte de uñas,Esmalte tradicional,,Aplicación fácil declarada | Alta cobertura declarada,,,Capa de color,Color,Sistema Admiss: Sistema tradicional de manicure | Sistema tradicional de manicure,Formulación 10 Free,Cremoso,Colección comercial: ESMALTES DE UÑAS | Colección comercial: COLECCIÓN STAR | Colección comercial: TODO ADMISS
admiss-co-official:product:7476696482035,7476696482035,GERALD - ESMALTE TRADICIONAL CREMOSOS ADMISS 10 ML - GAMA MARRON,312521,ESMALTES,10 ml,4200.0000,remote_reference,https://cdn.shopify.com/s/files/1/0614/7188/3507/files/Gerald.webp?v=1707341830,https://admiss.com.co/products/gerald-esmalte-para-unas-10ml,12,Esmalte de uñas,Esmalte tradicional,,Aplicación fácil declarada | Alta cobertura declarada,,,Capa de color,Color,Sistema Admiss: Sistema tradicional de manicure | Sistema tradicional de manicure,Formulación 10 Free,Cremoso,Colección comercial: ESMALTES DE UÑAS | Colección comercial: TODO ADMISS
admiss-co-official:product:7476697432307,7476697432307,GIAN - ESMALTE TRADICIONAL CREMOSOS ADMISS 10 ML - GAMA MARRÓN,312946,ESMALTES,10 ml,4200.0000,remote_reference,https://cdn.shopify.com/s/files/1/0614/7188/3507/files/Gian.webp?v=1707341852,https://admiss.com.co/products/gian-esmalte-para-unas-10ml,13,Esmalte de uñas,Esmalte tradicional,,Aplicación fácil declarada | Alta cobertura declarada,,,Capa de color,Color,Sistema Admiss: Sistema tradicional de manicure | Sistema tradicional de manicure,Formulación 10 Free,Cremoso,Colección comercial: ESMALTES DE UÑAS | Colección comercial: COLECCIÓN STAR | Colección comercial: TODO ADMISS
admiss-co-official:product:7476696285427,7476696285427,GREGORIO - ESMALTE TRADICIONAL CREMOSOS ADMISS 10 ML - GAMA MARRON,312497,ESMALTES,10 ml,4200.0000,remote_reference,https://cdn.shopify.com/s/files/1/0614/7188/3507/files/Gregorio.webp?v=1707341872,https://admiss.com.co/products/gregorio-esmalte-para-unas-10ml,12,Esmalte de uñas,Esmalte tradicional,,Aplicación fácil declarada | Alta cobertura declarada,,,Capa de color,Color,Sistema Admiss: Sistema tradicional de manicure | Sistema tradicional de manicure,Formulación 10 Free,Cremoso,Colección comercial: ESMALTES DE UÑAS | Colección comercial: TODO ADMISS
admiss-co-official:product:7476694581491,7476694581491,HARRY - ESMALTE TRADICIONAL CREMOSOS ADMISS 10 ML - GAMA AMARILLO,310730,ESMALTES,10 ml,4200.0000,remote_reference,https://cdn.shopify.com/s/files/1/0614/7188/3507/files/Harry.webp?v=1707341897,https://admiss.com.co/products/harry-esmalte-para-unas-10ml,12,Esmalte de uñas,Esmalte tradicional,,Aplicación fácil declarada | Alta cobertura declarada,,,Capa de color,Color,Sistema Admiss: Sistema tradicional de manicure | Sistema tradicional de manicure,Formulación 10 Free,Cremoso,Colección comercial: ESMALTES DE UÑAS | Colección comercial: TODO ADMISS
admiss-co-official:product:8874783441139,8874783441139,HENRY - ESMALTE TRADICIONAL CREMOSOS ADMISS 10 ML - GAMA,314093,ESMALTES,10 ml,4200.0000,remote_reference,https://cdn.shopify.com/s/files/1/0614/7188/3507/files/Henry_2.webp?v=1723591764,https://admiss.com.co/products/henry-esmalte-tradicional-cremosos-admiss-10-ml-gama,13,Esmalte de uñas,Esmalte tradicional,,Aplicación fácil declarada | Alta cobertura declarada,,,Capa de color,Color,Sistema Admiss: Sistema tradicional de manicure | Sistema tradicional de manicure,Formulación 10 Free,Cremoso,Colección comercial: ESMALTES DE UÑAS | Colección comercial: TODO ADMISS | Colección comercial: COLECCIÓN GUAPOS
admiss-co-official:product:9018166640883,9018166640883,HERCULES - ESMALTE TRADICIONAL CREMOSO ADMISS 10 ML - GAMA AZUL,314184,ESMALTES,10 ml,4200.0000,remote_reference,https://cdn.shopify.com/s/files/1/0614/7188/3507/files/HERCULES-314184.webp?v=1737406454,https://admiss.com.co/products/hercules-esmalte-tradicional-admiss-10-ml-gama-azul,13,Esmalte de uñas,Esmalte tradicional,,Aplicación fácil declarada | Alta cobertura declarada,,,Capa de color,Color,Sistema Admiss: Sistema tradicional de manicure | Sistema tradicional de manicure,Formulación 10 Free,Cremoso,Colección comercial: ESMALTES DE UÑAS | Colección comercial: TODO ADMISS | Colección comercial: COLECCIÓN HÉROES
admiss-co-official:product:7476697170163,7476697170163,HUMBERTO - ESMALTE TRADICIONAL CREMOSOS ADMISS 10 ML - GAMA VERDE,312923,ESMALTES,10 ml,4200.0000,remote_reference,https://cdn.shopify.com/s/files/1/0614/7188/3507/files/Humberto.webp?v=1708028040,https://admiss.com.co/products/humberto-esmalte-para-unas-10ml,13,Esmalte de uñas,Esmalte tradicional,,Aplicación fácil declarada | Alta cobertura declarada,,,Capa de color,Color,Sistema Admiss: Sistema tradicional de manicure | Sistema tradicional de manicure,Formulación 10 Free,Cremoso,Colección comercial: ESMALTES DE UÑAS | Colección comercial: COLECCIÓN DEMENTE | Colección comercial: TODO ADMISS
admiss-co-official:product:7476696613107,7476696613107,IGNACIO - ESMALTE TRADICIONAL CREMOSOS ADMISS 10 ML - GAMA MARRON,312564,ESMALTES,10 ml,4200.0000,remote_reference,https://cdn.shopify.com/s/files/1/0614/7188/3507/files/Ignacio.webp?v=1708028059,https://admiss.com.co/products/ignacio-esmalte-para-unas-10ml,13,Esmalte de uñas,Esmalte tradicional,,Aplicación fácil declarada | Alta cobertura declarada,,,Capa de color,Color,Sistema Admiss: Sistema tradicional de manicure | Sistema tradicional de manicure,Formulación 10 Free,Cremoso,Colección comercial: ESMALTES DE UÑAS | Colección comercial: COLECCION ESPIRITU VIBRANTE | Colección comercial: TODO ADMISS
admiss-co-official:product:7476694089971,7476694089971,IVAN - ESMALTE TRADICIONAL PERLADOS ADMISS 10 ML - GAMA ROSADO,310241,ESMALTES,10 ml,4200.0000,remote_reference,https://cdn.shopify.com/s/files/1/0614/7188/3507/files/Ivan.webp?v=1708028078,https://admiss.com.co/products/ivan-esmalte-para-unas-10ml-e170,14,Esmalte de uñas,Esmalte tradicional,,Aplicación fácil declarada | Alta cobertura declarada,,,Capa de color,Color,Sistema Admiss: Sistema tradicional de manicure | Sistema tradicional de manicure,Formulación 10 Free,Cremoso | Perlado,Colección comercial: ESMALTES DE UÑAS | Colección comercial: COLECCION ESPIRITU VIBRANTE | Colección comercial: TODO ADMISS
admiss-co-official:product:7476697039091,7476697039091,JACOBO - ESMALTE TRADICIONAL CREMOSOS ADMISS 10 ML - GAMA FUCSIA,312866,ESMALTES,10 ml,4200.0000,remote_reference,https://cdn.shopify.com/s/files/1/0614/7188/3507/files/Jacobo.webp?v=1707341935,https://admiss.com.co/products/jacobo-esmalte-para-unas-10ml,14,Esmalte de uñas,Esmalte tradicional,,Aplicación fácil declarada | Alta cobertura declarada,,,Capa de color,Color,Sistema Admiss: Sistema tradicional de manicure | Sistema tradicional de manicure,Formulación 10 Free,Cremoso | Perlado,Colección comercial: ESMALTES DE UÑAS | Colección comercial: COLECCIÓN BON BON | Colección comercial: TODO ADMISS
admiss-co-official:product:7476694876403,7476694876403,JERONIMO - ESMALTE TRADICIONAL CREMOSOS ADMISS 10 ML - GAMA AZUL,311283,ESMALTES,10 ml,4200.0000,remote_reference,https://cdn.shopify.com/s/files/1/0614/7188/3507/files/Jeronimo.webp?v=1707425184,https://admiss.com.co/products/jeronimo-esmalte-para-unas-10ml,13,Esmalte de uñas,Esmalte tradicional,,Aplicación fácil declarada | Alta cobertura declarada,,,Capa de color,Color,Sistema Admiss: Sistema tradicional de manicure | Sistema tradicional de manicure,Formulación 10 Free,Cremoso | Con partículas,Colección comercial: ESMALTES DE UÑAS | Colección comercial: TODO ADMISS
admiss-co-official:product:7476697334003,7476697334003,JESÚS - ESMALTE TRADICIONAL CREMOSOS ADMISS 10 ML - GAMA ROSADO,312928,ESMALTES,10 ml,4200.0000,remote_reference,https://cdn.shopify.com/s/files/1/0614/7188/3507/files/Jesus.webp?v=1707425296,https://admiss.com.co/products/jesus-esmalte-para-unas-10ml,13,Esmalte de uñas,Esmalte tradicional,,Aplicación fácil declarada | Alta cobertura declarada,,,Capa de color,Color,Sistema Admiss: Sistema tradicional de manicure | Sistema tradicional de manicure,Formulación 10 Free,Cremoso,Colección comercial: ESMALTES DE UÑAS | Colección comercial: COLECCIÓN STAR | Colección comercial: TODO ADMISS
admiss-co-official:product:7476695073011,7476695073011,JIM - ESMALTE TRADICIONAL PERLADOS ADMISS 10 ML - GAMA MARRON,312427,ESMALTES,10 ml,4200.0000,remote_reference,https://cdn.shopify.com/s/files/1/0614/7188/3507/files/Jim.webp?v=1707425341,https://admiss.com.co/products/jim-esmalte-para-unas-10ml,13,Esmalte de uñas,Esmalte tradicional,,Aplicación fácil declarada | Alta cobertura declarada,,,Capa de color,Color,Sistema Admiss: Sistema tradicional de manicure | Sistema tradicional de manicure,Formulación 10 Free,Cremoso | Perlado,Colección comercial: ESMALTES DE UÑAS | Colección comercial: TODO ADMISS
admiss-co-official:product:7476695335155,7476695335155,JOSE - ESMALTE TRADICIONAL CREMOSOS ADMISS 10 ML - GAMA FUCSIA,312471,ESMALTES,10 ml,4200.0000,remote_reference,https://cdn.shopify.com/s/files/1/0614/7188/3507/files/Jose.webp?v=1707425386,https://admiss.com.co/products/jose-esmalte-para-unas-10ml,12,Esmalte de uñas,Esmalte tradicional,,Aplicación fácil declarada | Alta cobertura declarada,,,Capa de color,Color,Sistema Admiss: Sistema tradicional de manicure | Sistema tradicional de manicure,Formulación 10 Free,Cremoso,Colección comercial: ESMALTES DE UÑAS | Colección comercial: TODO ADMISS
admiss-co-official:product:7476693434611,7476693434611,JUANES - ESMALTE TRADICIONAL CREMOSOS ADMISS 10 ML - GAMA ROJO,310205,ESMALTES,10 ml,4200.0000,remote_reference,https://cdn.shopify.com/s/files/1/0614/7188/3507/files/Juanes.webp?v=1707425410,https://admiss.com.co/products/juanes-esmalte-para-unas-10ml,13,Esmalte de uñas,Esmalte tradicional,,Aplicación fácil declarada | Alta cobertura declarada,,,Capa de color,Color,Sistema Admiss: Sistema tradicional de manicure | Sistema tradicional de manicure,Formulación 10 Free,Cremoso | Perlado,Colección comercial: ESMALTES DE UÑAS | Colección comercial: TODO ADMISS
admiss-co-official:product:7476695171315,7476695171315,JULIAN - ESMALTE TRADICIONAL CREMOSOS ADMISS 10 ML - GAMA AZUL,312467,ESMALTES,10 ml,4200.0000,remote_reference,https://cdn.shopify.com/s/files/1/0614/7188/3507/files/Julian.webp?v=1707425430,https://admiss.com.co/products/julian-esmalte-para-unas-10ml,13,Esmalte de uñas,Esmalte tradicional,,Aplicación fácil declarada | Alta cobertura declarada,,,Capa de color,Color,Sistema Admiss: Sistema tradicional de manicure | Sistema tradicional de manicure,Formulación 10 Free,Cremoso | Perlado,Colección comercial: ESMALTES DE UÑAS | Colección comercial: TODO ADMISS
admiss-co-official:product:9137730322675,9137730322675,KIT VACACIONES SUMMER 2025,314355,ESMALTES,,15038.0000,remote_reference,https://cdn.shopify.com/s/files/1/0614/7188/3507/files/FRONTAL-EDIT-FINAL314355.webp?v=1750275172,https://admiss.com.co/products/kit-vacaciones-summer-2025,17,Esmalte de uñas,Kit multiproducto | Esmalte tradicional,,Aplicación fácil declarada | Alta cobertura declarada,,,Kit multiproducto,Múltiples etapas,Sistema mixto de manicure | Sistema Admiss: Sistema tradicional de manicure,Formulación 10 Free,,Colección BASES PARA UÑAS no coincide con tipo Esmalte de uñas | Colección KITS no coincide con tipo Esmalte de uñas | Colección comercial: ESMALTES DE UÑAS | Colección comercial: BASES PARA UÑAS | Colección comercial: OUTLET | Colección comercial: KITS | Colección comercial: TODO ADMISS
admiss-co-official:product:7991841751283,7991841751283,LENON - ESMALTE TRADICIONAL ADMISS 10ML - GAMA VERDE,313773,ESMALTES,10 ml,4200.0000,remote_reference,https://cdn.shopify.com/s/files/1/0614/7188/3507/products/313773.webp?v=1678981531,https://admiss.com.co/products/lenon-esmalte-tradicional-admiss-10ml-gama-verde,14,Esmalte de uñas,Esmalte tradicional,,Aplicación fácil declarada | Alta cobertura declarada,,,Capa de color,Color,Sistema Admiss: Sistema tradicional de manicure | Sistema tradicional de manicure,Formulación 10 Free,Cremoso,Colección comercial: ESMALTES DE UÑAS | Colección comercial: COLECCIÓN RADIANTE | Colección comercial: TODO ADMISS | Colección comercial: COLECCIÓN ECLIPSE DE COLOR
admiss-co-official:product:8092908847347,8092908847347,LIMA PAQUETE X10 ADMISS,340910,LIMAS,,10800.0000,remote_reference,https://cdn.shopify.com/s/files/1/0614/7188/3507/files/7707109961586.webp?v=1695907964,https://admiss.com.co/products/lima-paquete-x10-admiss,8,Lima para uñas,Lima para uñas,,,,,Modelado de uñas,Preparación,Sistema de cuidado de manicure | Sistema Admiss: Sistema tradicional de manicure,,,Colección comercial: TODO ADMISS | Colección comercial: HERRAMIENTAS
admiss-co-official:product:9018164740339,9018164740339,LOKI - ESMALTE TRADICIONAL TRASLÚCIDO  ADMISS 10 ML - GAMA ROSADO,314188,ESMALTES,10 ml,4200.0000,remote_reference,https://cdn.shopify.com/s/files/1/0614/7188/3507/files/LOKI-314188.webp?v=1737406292,https://admiss.com.co/products/loki-esmalte-tradicional-admiss-10-ml-gama-rosado,14,Esmalte de uñas,Esmalte tradicional,,Aplicación fácil declarada | Alta cobertura declarada,,,Capa de color,Color,Sistema Admiss: Sistema tradicional de manicure | Sistema tradicional de manicure,Formulación 10 Free,Cremoso | Traslúcido,Colección comercial: ESMALTES DE UÑAS | Colección comercial: TODO ADMISS | Colección comercial: COLECCIÓN HÉROES
admiss-co-official:product:7476695597299,7476695597299,LUCAS - ESMALTE TRADICIONAL CREMOSOS ADMISS 10 ML - GAMA FUCSIA,312478,ESMALTES,10 ml,4200.0000,remote_reference,https://cdn.shopify.com/s/files/1/0614/7188/3507/files/Lucas.webp?v=1717512944,https://admiss.com.co/products/lucas-esmalte-para-unas-10ml,12,Esmalte de uñas,Esmalte tradicional,,Aplicación fácil declarada | Alta cobertura declarada,,,Capa de color,Color,Sistema Admiss: Sistema tradicional de manicure | Sistema tradicional de manicure,Formulación 10 Free,Cremoso,Colección comercial: ESMALTES DE UÑAS | Colección comercial: TODO ADMISS
admiss-co-official:product:7476694647027,7476694647027,LUCHO - ESMALTE DECORACIÓN ESTANDAR ADMISS DECORACION 10 ML - GAMA NEGRO,310926,ESMALTES,10 ml,4200.0000,remote_reference,https://cdn.shopify.com/s/files/1/0614/7188/3507/files/DecoracionLucho.webp?v=1717512675,https://admiss.com.co/products/lucho-esmalte-deco-para-unas-10ml,11,Esmalte de uñas,Esmalte de decoración | Esmalte tradicional,,Alta cobertura declarada,,Decoración de uñas,Color para decoración,Color,Sistema Admiss: Sistema tradicional de manicure | Sistema tradicional de manicure,Formulación 10 Free,Cremoso,
admiss-co-official:product:7476693893363,7476693893363,LUCHO - ESMALTE TRADICIONAL CREMOSOS ADMISS 10 ML - GAMA NEGRO,310226,ESMALTES,10 ml,4200.0000,remote_reference,https://cdn.shopify.com/s/files/1/0614/7188/3507/files/Lucho.webp?v=1717512910,https://admiss.com.co/products/lucho-esmalte-para-unas-10ml,13,Esmalte de uñas,Esmalte tradicional,,Aplicación fácil declarada | Alta cobertura declarada,,,Capa de color,Color,Sistema Admiss: Sistema tradicional de manicure | Sistema tradicional de manicure,Formulación 10 Free,Cremoso | Perlado,Colección comercial: ESMALTES DE UÑAS | Colección comercial: TODO ADMISS
admiss-co-official:product:7476695433459,7476695433459,LUCIANO - ESMALTE TRADICIONAL CREMOSOS ADMISS 10 ML - GAMA ROJO,312475,ESMALTES,10 ml,4200.0000,remote_reference,https://cdn.shopify.com/s/files/1/0614/7188/3507/files/Luciano.webp?v=1717512876,https://admiss.com.co/products/luciano-esmalte-para-unas-10ml,13,Esmalte de uñas,Esmalte tradicional,,Aplicación fácil declarada | Alta cobertura declarada,,,Capa de color,Color,Sistema Admiss: Sistema tradicional de manicure | Sistema tradicional de manicure,Formulación 10 Free,Cremoso | Perlado,Colección comercial: ESMALTES DE UÑAS | Colección comercial: TODO ADMISS
admiss-co-official:product:7502151549171,7502151549171,LUIS - ESMALTE TRADICIONAL CREMOSOS ADMISS 10 ML - GAMA ROSADO,312721,ESMALTES,10 ml,4200.0000,remote_reference,https://cdn.shopify.com/s/files/1/0614/7188/3507/files/Luis.webp?v=1708028098,https://admiss.com.co/products/luis-esmalte-tradicional-cremosos-admiss-10-ml-gama-rosado,13,Esmalte de uñas,Esmalte tradicional,,Aplicación fácil declarada | Alta cobertura declarada,,,Capa de color,Color,Sistema Admiss: Sistema tradicional de manicure | Sistema tradicional de manicure,Formulación 10 Free,Cremoso,Colección comercial: ESMALTES DE UÑAS | Colección comercial: COLECCIÓN COSMOS | Colección comercial: TODO ADMISS
admiss-co-official:product:7476695630067,7476695630067,MARCOS - ESMALTE TRADICIONAL CREMOSOS ADMISS10 ML - GAMA MARRON,312479,ESMALTES,10 ml,4200.0000,remote_reference,https://cdn.shopify.com/s/files/1/0614/7188/3507/files/Marcos.webp?v=1707425559,https://admiss.com.co/products/marcos-esmalte-para-unas-10ml,12,Esmalte de uñas,Esmalte tradicional,,Aplicación fácil declarada | Alta cobertura declarada,,,Capa de color,Color,Sistema Admiss: Sistema tradicional de manicure | Sistema tradicional de manicure,Formulación 10 Free,Cremoso,Colección comercial: ESMALTES DE UÑAS | Colección comercial: TODO ADMISS
admiss-co-official:product:7476697104627,7476697104627,MARIO - ESMALTE TRADICIONAL CREMOSOS ADMISS 10 ML- GAMA AZUL,312868,ESMALTES,10 ml,4200.0000,remote_reference,https://cdn.shopify.com/s/files/1/0614/7188/3507/files/Mario.webp?v=1707425581,https://admiss.com.co/products/mario-esmalte-para-unas-10ml,13,Esmalte de uñas,Esmalte tradicional,,Aplicación fácil declarada | Alta cobertura declarada,,,Capa de color,Color,Sistema Admiss: Sistema tradicional de manicure | Sistema tradicional de manicure,Formulación 10 Free,Cremoso,Colección comercial: ESMALTES DE UÑAS | Colección comercial: COLECCIÓN BON BON | Colección comercial: TODO ADMISS
admiss-co-official:product:7476693991667,7476693991667,MARLON - ESMALTE TRADICIONAL TRASLUCIDOS ADMISS 10 ML - GAMA ROSADO,310240,ESMALTES,10 ml,4200.0000,remote_reference,https://cdn.shopify.com/s/files/1/0614/7188/3507/files/Marlon.webp?v=1707425682,https://admiss.com.co/products/marlon-esmalte-para-unas-10ml,13,Esmalte de uñas,Esmalte tradicional,,Aplicación fácil declarada | Alta cobertura declarada,,,Capa de color,Color,Sistema Admiss: Sistema tradicional de manicure | Sistema tradicional de manicure,Formulación 10 Free,Cremoso | Traslúcido,Colección comercial: ESMALTES DE UÑAS | Colección comercial: TODO ADMISS
admiss-co-official:product:7476696908019,7476696908019,MARTIN - ESMALTE TRADICIONAL METALIZADOS ADMISS 10 ML - GAMA MARRON,312720,ESMALTES,10 ml,4200.0000,remote_reference,https://cdn.shopify.com/s/files/1/0614/7188/3507/files/Martin.webp?v=1708028118,https://admiss.com.co/products/martin-esmalte-para-unas-10ml,14,Esmalte de uñas,Esmalte tradicional,,Aplicación fácil declarada | Alta cobertura declarada,,,Capa de color,Color,Sistema Admiss: Sistema tradicional de manicure | Sistema tradicional de manicure,Formulación 10 Free,Cremoso | Metalizado,Colección comercial: ESMALTES DE UÑAS | Colección comercial: COLECCIÓN ANIMALIA | Colección comercial: TODO ADMISS
admiss-co-official:product:7476695400691,7476695400691,MAURO - ESMALTE TRADICIONAL CREMOSOS ADMISS 10 ML - GAMA VERDE,312473,ESMALTES,10 ml,4200.0000,remote_reference,https://cdn.shopify.com/s/files/1/0614/7188/3507/files/Mauro.webp?v=1707425763,https://admiss.com.co/products/mauro-esmalte-para-unas-10ml,12,Esmalte de uñas,Esmalte tradicional,,Aplicación fácil declarada | Alta cobertura declarada,,,Capa de color,Color,Sistema Admiss: Sistema tradicional de manicure | Sistema tradicional de manicure,Formulación 10 Free,Cremoso,Colección comercial: ESMALTES DE UÑAS | Colección comercial: TODO ADMISS
admiss-co-official:product:7476694614259,7476694614259,MIDAS - ESMALTE TRADICIONAL METALIZADOS ADMISS 10 ML - GAMA AMARILLO,310741,ESMALTES,10 ml,4200.0000,remote_reference,https://cdn.shopify.com/s/files/1/0614/7188/3507/files/Midas.webp?v=1707425792,https://admiss.com.co/products/midas-esmalte-para-unas-10ml,13,Esmalte de uñas,Esmalte tradicional,,Aplicación fácil declarada | Alta cobertura declarada,,,Capa de color,Color,Sistema Admiss: Sistema tradicional de manicure | Sistema tradicional de manicure,Formulación 10 Free,Cremoso | Metalizado,Colección comercial: ESMALTES DE UÑAS | Colección comercial: TODO ADMISS
admiss-co-official:product:7476693631219,7476693631219,MIGUE - ESMALTE TRADICIONAL CREMOSOS ADMISS 10 ML - GAMA ROJO,310216,ESMALTES,10 ml,4200.0000,remote_reference,https://cdn.shopify.com/s/files/1/0614/7188/3507/files/Migue.webp?v=1717512976,https://admiss.com.co/products/migue-esmalte-para-unas-10ml,12,Esmalte de uñas,Esmalte tradicional,,Aplicación fácil declarada | Alta cobertura declarada,,,Capa de color,Color,Sistema Admiss: Sistema tradicional de manicure | Sistema tradicional de manicure,Formulación 10 Free,Cremoso,Colección comercial: ESMALTES DE UÑAS | Colección comercial: TODO ADMISS
admiss-co-official:product:7476693532915,7476693532915,NICO - ESMALTE TRADICIONAL TRASLUCIDOS ADMISS 10 ML - GAMA LILA,310210,ESMALTES,10 ml,4200.0000,remote_reference,https://cdn.shopify.com/s/files/1/0614/7188/3507/files/Nico.webp?v=1707425820,https://admiss.com.co/products/nico-esmalte-para-unas-10ml,13,Esmalte de uñas,Esmalte tradicional,,Aplicación fácil declarada | Alta cobertura declarada,,,Capa de color,Color,Sistema Admiss: Sistema tradicional de manicure | Sistema tradicional de manicure,Formulación 10 Free,Cremoso | Traslúcido,Colección comercial: ESMALTES DE UÑAS | Colección comercial: TODO ADMISS
admiss-co-official:product:9108277035251,9108277035251,OLIVER - ESMALTE TRADICIONAL CREMOSO ADMISS 10 ML - GAMA AZUL,314257,ESMALTES,10 ml,4200.0000,remote_reference,https://cdn.shopify.com/s/files/1/0614/7188/3507/files/ADMISSOLIVER314257.webp?v=1746622232,https://admiss.com.co/products/oliver-esmalte-tradicional-cremoso-admiss-10-ml-gama-x-copia,13,Esmalte de uñas,Esmalte tradicional,,Aplicación fácil declarada | Alta cobertura declarada,,,Capa de color,Color,Sistema Admiss: Sistema tradicional de manicure | Sistema tradicional de manicure,Formulación 10 Free,Cremoso,Colección comercial: ESMALTES DE UÑAS | Colección comercial: TODO ADMISS | Colección comercial: COLECCIÓN EUFORIA
admiss-co-official:product:7476696580339,7476696580339,OMAR - ESMALTE TRADICIONAL CREMOSOS ADMISS 10 ML - GAMA ROSADO,312563,ESMALTES,10 ml,4200.0000,remote_reference,https://cdn.shopify.com/s/files/1/0614/7188/3507/files/Omar.webp?v=1708028137,https://admiss.com.co/products/omar-esmalte-para-unas-10ml,13,Esmalte de uñas,Esmalte tradicional,,Aplicación fácil declarada | Alta cobertura declarada,,,Capa de color,Color,Sistema Admiss: Sistema tradicional de manicure | Sistema tradicional de manicure,Formulación 10 Free,Cremoso,Colección comercial: ESMALTES DE UÑAS | Colección comercial: COLECCION ESPIRITU VIBRANTE | Colección comercial: TODO ADMISS
admiss-co-official:product:7476696023283,7476696023283,OSCAR - ESMALTE TRADICIONAL CREMOSOS ADMISS 10 ML - GAMA VIOLETA,312493,ESMALTES,10 ml,4200.0000,remote_reference,https://cdn.shopify.com/s/files/1/0614/7188/3507/files/Oscar.webp?v=1707425873,https://admiss.com.co/products/oscar-esmalte-para-unas-10ml,12,Esmalte de uñas,Esmalte tradicional,,Aplicación fácil declarada | Alta cobertura declarada,,,Capa de color,Color,Sistema Admiss: Sistema tradicional de manicure | Sistema tradicional de manicure,Formulación 10 Free,Cremoso,Colección comercial: ESMALTES DE UÑAS | Colección comercial: TODO ADMISS
admiss-co-official:product:7991842537715,7991842537715,OWEN - ESMALTE TRADICIONAL ADMISS 10ML - GAMA ROSADO,313770,ESMALTES,10 ml,4200.0000,remote_reference,https://cdn.shopify.com/s/files/1/0614/7188/3507/files/Owen.webp?v=1707425936,https://admiss.com.co/products/owen-esmalte-tradicional-admiss-10ml-gama-rosado,14,Esmalte de uñas,Esmalte tradicional,,Aplicación fácil declarada | Alta cobertura declarada,,,Capa de color,Color,Sistema Admiss: Sistema tradicional de manicure | Sistema tradicional de manicure,Formulación 10 Free,Cremoso,Colección comercial: ESMALTES DE UÑAS | Colección comercial: COLECCIÓN RADIANTE | Colección comercial: TODO ADMISS | Colección comercial: COLECCIÓN ECLIPSE DE COLOR
admiss-co-official:product:7476694155507,7476694155507,PACHECO - ESMALTE TRADICIONAL METALIZADOS ADMISS 10 ML - GAMA BLANCO,310242,ESMALTES,10 ml,4200.0000,remote_reference,https://cdn.shopify.com/s/files/1/0614/7188/3507/files/Pacheco.webp?v=1707425962,https://admiss.com.co/products/pacheco-esmalte-para-unas-10ml,13,Esmalte de uñas,Esmalte tradicional,,Aplicación fácil declarada | Alta cobertura declarada,,,Capa de color,Color,Sistema Admiss: Sistema tradicional de manicure | Sistema tradicional de manicure,Formulación 10 Free,Cremoso | Metalizado,Colección comercial: ESMALTES DE UÑAS | Colección comercial: TODO ADMISS
admiss-co-official:product:7476697563379,7476697563379,PAOLO - ESMALTE TRADICIONAL CREMOSOS ADMISS 10 ML - GAMA AMARILLO,312949,ESMALTES,10 ml,4200.0000,remote_reference,https://cdn.shopify.com/s/files/1/0614/7188/3507/files/Paolo.webp?v=1707425985,https://admiss.com.co/products/paolo-esmalte-para-unas-10ml,12,Esmalte de uñas,Esmalte tradicional,,Aplicación fácil declarada | Alta cobertura declarada,,,Capa de color,Color,Sistema Admiss: Sistema tradicional de manicure | Sistema tradicional de manicure,Formulación 10 Free,Cremoso,Colección comercial: ESMALTES DE UÑAS | Colección comercial: TODO ADMISS
admiss-co-official:product:7476693696755,7476693696755,RAFA - ESMALTE TRADICIONAL METALIZADOS ADMISS 10 ML - GAMA GRIS,310219,ESMALTES,10 ml,4200.0000,remote_reference,https://cdn.shopify.com/s/files/1/0614/7188/3507/files/Rafa.webp?v=1707426179,https://admiss.com.co/products/rafa-esmalte-para-unas-10ml,12,Esmalte de uñas,Esmalte tradicional,,Aplicación fácil declarada | Alta cobertura declarada,,,Capa de color,Color,Sistema Admiss: Sistema tradicional de manicure | Sistema tradicional de manicure,Formulación 10 Free,Metalizado,Colección comercial: ESMALTES DE UÑAS | Colección comercial: TODO ADMISS
admiss-co-official:product:8056127619315,8056127619315,REMOVEDOR DE CUTÍCULA ADMISS 40 ML,313887,LIQUIDOS,40 ml,4950.0000,remote_reference,https://cdn.shopify.com/s/files/1/0614/7188/3507/files/313887.webp?v=1689959371,https://admiss.com.co/products/removedor-de-cuticula-admiss-40-ml,18,Líquido para manicure,Removedor de cutícula | Removedor de esmalte,Cutícula o piel con falta de humectación,Facilita remoción | Humectación declarada | Ablandamiento de cutícula declarado,Glicerina,Preparación de cutícula,Preparación de cutícula,Preparación,Sistema de cuidado de manicure | Sistema Admiss: Sistema tradicional de manicure,Gel,,Colección REMOVEDORES DE ESMALTE no coincide con tipo Líquido para manicure | Colección comercial: REMOVEDORES DE ESMALTE | Colección comercial: TODO ADMISS | Colección comercial: COMPLEMENTOS
admiss-co-official:product:7476696744179,7476696744179,REMOVEDOR TRADICIONAL DE ESMALTE  ADMISS 230 ML,313684,LIQUIDOS,230 ml,11600.0000,remote_reference,https://cdn.shopify.com/s/files/1/0614/7188/3507/files/313684.webp?v=1705324509,https://admiss.com.co/products/removedor-esmalte-unas-230ml,13,Líquido para manicure,Removedor de esmalte,,,,Retirar esmalte,Removedor de esmalte,Retiro,Sistema Admiss: Sistema tradicional de manicure | Sistema tradicional de manicure,Libre de acetona,,Colección ESMALTES DE UÑAS no coincide con tipo Base para uñas | Colección REMOVEDORES DE ESMALTE no coincide con tipo Líquido para manicure | Colección comercial: ESMALTES DE UÑAS | Colección comercial: REMOVEDORES DE ESMALTE | Colección comercial: TODO ADMISS
admiss-co-official:product:7991843684595,7991843684595,REMOVEDOR TRADICIONAL DE ESMALTE ADMISS 470 ML,313877,LIQUIDOS,470 ml,15900.0000,remote_reference,https://cdn.shopify.com/s/files/1/0614/7188/3507/files/Removedor-470ml.webp?v=1708614747,https://admiss.com.co/products/removedor-tradicional-admiss-removedor-de-esmalte-470-ml,13,Líquido para manicure,Removedor de esmalte,,,,Retirar esmalte,Removedor de esmalte,Retiro,Sistema Admiss: Sistema tradicional de manicure | Sistema tradicional de manicure,Libre de acetona,,Colección ESMALTES DE UÑAS no coincide con tipo Base para uñas | Colección REMOVEDORES DE ESMALTE no coincide con tipo Líquido para manicure | Colección comercial: ESMALTES DE UÑAS | Colección comercial: REMOVEDORES DE ESMALTE | Colección comercial: TODO ADMISS
admiss-co-official:product:7476693926131,7476693926131,RENE - ESMALTE TRADICIONAL TRASLUCIDOS ADMISS 10 ML - GAMA ROSADO,310232,ESMALTES,10 ml,4200.0000,remote_reference,https://cdn.shopify.com/s/files/1/0614/7188/3507/files/Rene.webp?v=1707426158,https://admiss.com.co/products/rene-esmalte-para-unas-10ml,13,Esmalte de uñas,Esmalte tradicional,,Aplicación fácil declarada | Alta cobertura declarada,,,Capa de color,Color,Sistema Admiss: Sistema tradicional de manicure | Sistema tradicional de manicure,Formulación 10 Free,Cremoso | Traslúcido,Colección comercial: ESMALTES DE UÑAS | Colección comercial: TODO ADMISS
admiss-co-official:product:7476697399539,7476697399539,RICARDO - ESMALTE TRADICIONAL CREMOSOS ADMISS 10 ML - GAMA ROJO,312930,ESMALTES,10 ml,4200.0000,remote_reference,https://cdn.shopify.com/s/files/1/0614/7188/3507/files/Ricardo.webp?v=1707426133,https://admiss.com.co/products/ricardo-esmalte-para-unas-10ml,13,Esmalte de uñas,Esmalte tradicional,,Aplicación fácil declarada | Alta cobertura declarada,,,Capa de color,Color,Sistema Admiss: Sistema tradicional de manicure | Sistema tradicional de manicure,Formulación 10 Free,Cremoso,Colección comercial: ESMALTES DE UÑAS | Colección comercial: COLECCIÓN STAR | Colección comercial: TODO ADMISS
admiss-co-official:product:8054233170163,8054233170163,RICK - ESMALTE TRADICIONAL CREMOSOS ADMISS 10 ML - GAMA VERDE,313779,ESMALTES,10 ml,4200.0000,remote_reference,https://cdn.shopify.com/s/files/1/0614/7188/3507/files/Rick.webp?v=1707426110,https://admiss.com.co/products/rick-esmalte-tradicional-cremosos-admiss-10-ml-gama-verde,13,Esmalte de uñas,Esmalte tradicional,,Aplicación fácil declarada | Alta cobertura declarada,,,Capa de color,Color,Sistema Admiss: Sistema tradicional de manicure | Sistema tradicional de manicure,Formulación 10 Free,Cremoso,Colección comercial: ESMALTES DE UÑAS | Colección comercial: TODO ADMISS | Colección comercial: COLECCIÓN UTOPÍA VIRTUAL
admiss-co-official:product:7476697071859,7476697071859,ROBERTO - ESMALTE TRADICIONAL PERLADOS ADMISS 10 ML - GAMA ROSADO,312867,ESMALTES,10 ml,4200.0000,remote_reference,https://cdn.shopify.com/s/files/1/0614/7188/3507/files/Roberto.webp?v=1707426096,https://admiss.com.co/products/roberto-esmalte-para-unas-10ml,13,Esmalte de uñas,Esmalte tradicional,,Aplicación fácil declarada | Alta cobertura declarada,,,Capa de color,Color,Sistema Admiss: Sistema tradicional de manicure | Sistema tradicional de manicure,Formulación 10 Free,Perlado,Colección comercial: ESMALTES DE UÑAS | Colección comercial: COLECCIÓN BON BON | Colección comercial: TODO ADMISS
admiss-co-official:product:7476696547571,7476696547571,ROMEO - ESMALTE TRADICIONAL PERLADOS ADMISS 10 ML - GAMA ROSADO,312526,ESMALTES,10 ml,4200.0000,remote_reference,https://cdn.shopify.com/s/files/1/0614/7188/3507/files/Romeo.webp?v=1707426040,https://admiss.com.co/products/romeo-esmalte-para-unas-10ml,13,Esmalte de uñas,Esmalte tradicional,,Aplicación fácil declarada | Alta cobertura declarada,,,Capa de color,Color,Sistema Admiss: Sistema tradicional de manicure | Sistema tradicional de manicure,Formulación 10 Free,Cremoso | Perlado,Colección comercial: ESMALTES DE UÑAS | Colección comercial: TODO ADMISS
admiss-co-official:product:7476696252659,7476696252659,SALVADOR - ESMALTE TRADICIONAL CREMOSOS ADMISS 10 ML - GAMA GRIS,312495,ESMALTES,10 ml,4200.0000,remote_reference,https://cdn.shopify.com/s/files/1/0614/7188/3507/files/Salvador.webp?v=1707426252,https://admiss.com.co/products/salvador-esmalte-para-unas-10ml,12,Esmalte de uñas,Esmalte tradicional,,Aplicación fácil declarada | Alta cobertura declarada,,,Capa de color,Color,Sistema Admiss: Sistema tradicional de manicure | Sistema tradicional de manicure,Formulación 10 Free,Cremoso,Colección comercial: ESMALTES DE UÑAS | Colección comercial: TODO ADMISS
admiss-co-official:product:7476694548723,7476694548723,SAMUEL - ESMALTE TRADICIONAL CREMOSOS ADMISS 10 ML - GAMA VERDE,310728,ESMALTES,10 ml,4200.0000,remote_reference,https://cdn.shopify.com/s/files/1/0614/7188/3507/files/Samuel.webp?v=1707426271,https://admiss.com.co/products/samuel-esmalte-para-unas-10ml,12,Esmalte de uñas,Esmalte tradicional,,Aplicación fácil declarada | Alta cobertura declarada,,,Capa de color,Color,Sistema Admiss: Sistema tradicional de manicure | Sistema tradicional de manicure,Formulación 10 Free,Cremoso,Colección comercial: ESMALTES DE UÑAS | Colección comercial: TODO ADMISS
admiss-co-official:product:7476693598451,7476693598451,SANTI - ESMALTE TRADICIONAL CREMOSOS ADMISS 10 ML - GAMA ROSADO,310214,ESMALTES,10 ml,4200.0000,remote_reference,https://cdn.shopify.com/s/files/1/0614/7188/3507/files/Santi.webp?v=1707426297,https://admiss.com.co/products/santi-esmalte-para-unas-10ml,12,Esmalte de uñas,Esmalte tradicional,,Aplicación fácil declarada | Alta cobertura declarada,,,Capa de color,Color,Sistema Admiss: Sistema tradicional de manicure | Sistema tradicional de manicure,Formulación 10 Free,Cremoso,Colección comercial: ESMALTES DE UÑAS | Colección comercial: TODO ADMISS
admiss-co-official:product:8434854559987,8434854559987,SEBAS - ESMALTE TRADICIONAL ADMISS 10ML - GAMA LILA,314082,ESMALTES,10 ml,4200.0000,remote_reference,https://cdn.shopify.com/s/files/1/0614/7188/3507/files/Sebas_314082.webp?v=1709588611,https://admiss.com.co/products/sebas-esmalte-tradicional-admiss-10ml-gama-azul,12,Esmalte de uñas,Esmalte tradicional,,Aplicación fácil declarada | Alta cobertura declarada,,,Capa de color,Color,Sistema Admiss: Sistema tradicional de manicure | Sistema tradicional de manicure,Formulación 10 Free,,Colección comercial: ESMALTES DE UÑAS | Colección comercial: TODO ADMISS | Colección comercial: COLECCIÓN INFIELES
admiss-co-official:product:7558454280435,7558454280435,SERAFÍN - ESMALTE TRADICIONAL PERLADO ADMISS 10ML - GAMA AZUL,313091,ESMALTES,10 ml,4200.0000,remote_reference,https://cdn.shopify.com/s/files/1/0614/7188/3507/files/Serafin.webp?v=1707426339,https://admiss.com.co/products/serafin-esmalte-tradicional-perlado-admiss-10ml-gama-azul,13,Esmalte de uñas,Esmalte tradicional,,Aplicación fácil declarada | Alta cobertura declarada,,,Capa de color,Color,Sistema Admiss: Sistema tradicional de manicure | Sistema tradicional de manicure,Formulación 10 Free,Perlado,Colección comercial: ESMALTES DE UÑAS | Colección comercial: COLECCIÓN CELESTIAL | Colección comercial: TODO ADMISS
admiss-co-official:product:7660340281587,7660340281587,SILVIO - ESMALTE TRADICIONAL ADMISS 10ML - GAMA VERDE,313079,ESMALTES,10 ml,3900.0000,remote_reference,https://cdn.shopify.com/s/files/1/0614/7188/3507/files/Silvio.webp?v=1707426361,https://admiss.com.co/products/silvio-esmalte-para-unas-10ml,14,Esmalte de uñas,Esmalte tradicional,,Aplicación fácil declarada | Alta cobertura declarada,,,Capa de color,Color,Sistema Admiss: Sistema tradicional de manicure | Sistema tradicional de manicure,Formulación 10 Free,Cremoso,Colección comercial: ESMALTES DE UÑAS | Colección comercial: MAS VENDIDOS | Colección comercial: COLECCIÓN RADIANTE | Colección comercial: TODO ADMISS
admiss-co-official:product:9018168213747,9018168213747,THOR - ESMALTE TRADICIONAL CREMOSO ADMISS 10 ML - GAMA MORADO,314187,ESMALTES,10 ml,4200.0000,remote_reference,https://cdn.shopify.com/s/files/1/0614/7188/3507/files/THOR-314187.webp?v=1737406575,https://admiss.com.co/products/thor-esmalte-tradicional-admiss-10-ml-gama-morado,13,Esmalte de uñas,Esmalte tradicional,,Aplicación fácil declarada | Alta cobertura declarada,,,Capa de color,Color,Sistema Admiss: Sistema tradicional de manicure | Sistema tradicional de manicure,Formulación 10 Free,Cremoso,Colección comercial: ESMALTES DE UÑAS | Colección comercial: TODO ADMISS | Colección comercial: COLECCIÓN HÉROES
admiss-co-official:product:7476694712563,7476694712563,TOBIAS - ESMALTE TRADICIONAL CREMOSOS ADMISS 10 ML - GAMA MARRON,311060,ESMALTES,10 ml,4200.0000,remote_reference,https://cdn.shopify.com/s/files/1/0614/7188/3507/files/Tobias.webp?v=1707426394,https://admiss.com.co/products/tobias-esmalte-para-unas-10ml,12,Esmalte de uñas,Esmalte tradicional,,Aplicación fácil declarada | Alta cobertura declarada,,,Capa de color,Color,Sistema Admiss: Sistema tradicional de manicure | Sistema tradicional de manicure,Formulación 10 Free,Cremoso,Colección comercial: ESMALTES DE UÑAS | Colección comercial: TODO ADMISS
admiss-co-official:product:7476693958899,7476693958899,TOÑO - ESMALTE TRADICIONAL CREMOSOS ADMISS 10 ML - GAMA ROJO,310236,ESMALTES,10 ml,4200.0000,remote_reference,https://cdn.shopify.com/s/files/1/0614/7188/3507/files/Tono.webp?v=1707426414,https://admiss.com.co/products/tono-esmalte-para-unas-10ml,12,Esmalte de uñas,Esmalte tradicional,,Aplicación fácil declarada | Alta cobertura declarada,,,Capa de color,Color,Sistema Admiss: Sistema tradicional de manicure | Sistema tradicional de manicure,Formulación 10 Free,Cremoso,Colección comercial: ESMALTES DE UÑAS | Colección comercial: TODO ADMISS
admiss-co-official:product:7558453461235,7558453461235,URIEL - ESMALTE TRADICIONAL PERLADO ADMISS 10ML - GAMA LILA,313089,ESMALTES,10 ml,4200.0000,remote_reference,https://cdn.shopify.com/s/files/1/0614/7188/3507/files/Uriel_64304b95-cb58-4c41-959f-bee5b193a81c.webp?v=1707426438,https://admiss.com.co/products/uriel-esmalte-tradicional-perlado-admiss-10ml-gama-lila,13,Esmalte de uñas,Esmalte tradicional,,Aplicación fácil declarada | Alta cobertura declarada,,,Capa de color,Color,Sistema Admiss: Sistema tradicional de manicure | Sistema tradicional de manicure,Formulación 10 Free,Perlado,Colección comercial: ESMALTES DE UÑAS | Colección comercial: COLECCIÓN CELESTIAL | Colección comercial: TODO ADMISS
admiss-co-official:product:9108277231859,9108277231859,VALENTINO - ESMALTE TRADICIONAL CREMOSO ADMISS 10 ML - GAMA VERDE,314186,ESMALTES,10 ml,4200.0000,remote_reference,https://cdn.shopify.com/s/files/1/0614/7188/3507/files/ADMISSVALENTINO314186.webp?v=1746622213,https://admiss.com.co/products/valentino-esmalte-tradicional-cremoso-admiss-10-ml-gama-x-copia,13,Esmalte de uñas,Esmalte tradicional,,Aplicación fácil declarada | Alta cobertura declarada,,,Capa de color,Color,Sistema Admiss: Sistema tradicional de manicure | Sistema tradicional de manicure,Formulación 10 Free,Cremoso,Colección comercial: ESMALTES DE UÑAS | Colección comercial: TODO ADMISS | Colección comercial: COLECCIÓN EUFORIA
admiss-co-official:product:7476693860595,7476693860595,WILLY - ESMALTE DECORACIÓN ESTANDAR ADMISS 10 ML - GAMA BLANCO,310225,ESMALTES,10 ml,4200.0000,remote_reference,https://cdn.shopify.com/s/files/1/0614/7188/3507/files/DecoracionWilly.webp?v=1717513037,https://admiss.com.co/products/willy-esmalte-deco-para-unas-10ml,13,Esmalte de uñas,Esmalte de decoración | Esmalte tradicional,,Alta cobertura declarada,,Decoración de uñas,Color para decoración,Color,Sistema Admiss: Sistema tradicional de manicure | Sistema tradicional de manicure,Formulación 10 Free,Cremoso,Colección comercial: ESMALTES DE UÑAS | Colección comercial: TODO ADMISS
admiss-co-official:product:7476693827827,7476693827827,WILLY - ESMALTE TRADICIONAL CREMOSOS ADMISS 10 ML - GAMA BLANCO,310224,ESMALTES,10 ml,4200.0000,remote_reference,https://cdn.shopify.com/s/files/1/0614/7188/3507/files/Willy.webp?v=1717513014,https://admiss.com.co/products/willy-esmalte-para-unas-10ml,13,Esmalte de uñas,Esmalte tradicional,,Aplicación fácil declarada | Alta cobertura declarada,,,Capa de color,Color,Sistema Admiss: Sistema tradicional de manicure | Sistema tradicional de manicure,Formulación 10 Free,Cremoso | Con partículas,Colección comercial: ESMALTES DE UÑAS | Colección comercial: TODO ADMISS
admiss-co-official:product:8874784227571,8874784227571,ZAC - ESMALTE TRADICIONAL CREMOSOS ADMISS 10 ML - GAMA,314094,ESMALTES,10 ml,4200.0000,remote_reference,https://cdn.shopify.com/s/files/1/0614/7188/3507/files/Zac_2.webp?v=1723591753,https://admiss.com.co/products/zac-esmalte-tradicional-cremosos-admiss-10-ml-gama-copia,13,Esmalte de uñas,Esmalte tradicional,,Aplicación fácil declarada | Alta cobertura declarada,,,Capa de color,Color,Sistema Admiss: Sistema tradicional de manicure | Sistema tradicional de manicure,Formulación 10 Free,Cremoso,Colección comercial: ESMALTES DE UÑAS | Colección comercial: TODO ADMISS | Colección comercial: COLECCIÓN GUAPOS
admiss-co-official:product:9018160218355,9018160218355,ZEUS - ESMALTE TRADICIONAL CREMOSO ADMISS 10 ML - GAMA ROJO,314183,ESMALTES,10 ml,4200.0000,remote_reference,https://cdn.shopify.com/s/files/1/0614/7188/3507/files/ZEUS_314183.webp?v=1737405957,https://admiss.com.co/products/zeus-esmalte-tradicional-admiss-10-ml-gama-marron-copia,13,Esmalte de uñas,Esmalte tradicional,,Aplicación fácil declarada | Alta cobertura declarada,,,Capa de color,Color,Sistema Admiss: Sistema tradicional de manicure | Sistema tradicional de manicure,Formulación 10 Free,Cremoso,Colección comercial: ESMALTES DE UÑAS | Colección comercial: TODO ADMISS | Colección comercial: COLECCIÓN HÉROES
